sampCu9		
Wavelength (nm)	%T	
800	9.830619812	
799	7.003655434	
798	10.20752335	
797	8.652767181	
796	10.632864	
795	7.307747841	
794	10.43329239	
793	6.037561417	
792	6.042937756	
791	6.952232838	
790	5.550708771	
789	8.195220947	
788	9.769219398	
787	11.74773693	
786	9.894478798	
785	9.144001007	
784	7.992516518	
783	8.727334023	
782	8.824760437	
781	8.046427727	
780	7.977499962	
779	8.377383232	
778	8.631150246	
777	7.583929539	
776	7.451473236	
775	8.692019463	
774	5.279191017	
773	8.129179001	
772	5.788017273	
771	5.373953819	
770	7.18473959	
769	8.258172035	
768	7.038590431	
767	6.275162697	
766	6.27438879	
765	6.871590137	
764	5.453848362	
763	7.271704674	
762	6.047826767	
761	6.64191103	
760	5.375343323	
759	5.3898139	
758	7.10009861	
757	3.636063337	
756	6.113465786	
755	5.485752583	
754	6.010102272	
753	4.974374294	
752	6.463080406	
751	5.452759743	
750	5.205196857	
749	5.967934608	
748	5.472205639	
747	5.068505764	
746	5.849730968	
745	4.653105736	
744	5.147624493	
743	5.872806549	
742	5.113974094	
741	5.18521452	
740	4.826083183	
739	4.484153748	
738	5.977170944	
737	5.405587196	
736	4.925429821	
735	5.465092182	
734	6.367210865	
733	4.660571098	
732	4.759850502	
731	4.753293037	
730	5.222159386	
729	4.814544201	
728	4.980265141	
727	5.823506355	
726	4.681312084	
725	4.760127544	
724	4.090904236	
723	5.502804279	
722	4.900025845	
721	5.485017776	
720	4.831801891	
719	4.861579895	
718	4.627388	
717	4.678794861	
716	5.024543285	
715	5.215210438	
714	5.279124737	
713	4.874272823	
712	4.725261211	
711	5.052316189	
710	4.994113445	
709	4.912494183	
708	4.901896	
707	4.793314934	
706	5.243690014	
705	5.095597267	
704	4.46598196	
703	5.033367634	
702	4.690933228	
701	5.083370686	
700	5.01530838	
699	5.179925442	
698	5.050956249	
697	5.018064976	
696	4.849561214	
695	5.023916245	
694	5.020468712	
693	5.130311489	
692	5.290674686	
691	4.92302084	
690	4.961876869	
689	5.002299309	
688	5.289068222	
687	5.25415659	
686	5.048162937	
685	5.214591026	
684	5.098537922	
683	5.110787392	
682	5.069004059	
681	5.139801979	
680	5.135409355	
679	5.263563156	
678	5.173220634	
677	5.248228073	
676	5.420113087	
675	5.505417824	
674	5.217999458	
673	5.417847157	
672	5.251545906	
671	5.354294777	
670	5.590059757	
669	5.533942223	
668	5.755833149	
667	5.631067753	
666	5.666707516	
665	5.592614651	
664	5.726828098	
663	5.818348885	
662	5.868399143	
661	5.875593662	
660	5.803994179	
659	5.875885963	
658	5.928216934	
657	6.020631313	
656	6.049230099	
655	6.201985359	
654	6.091068268	
653	6.225682735	
652	6.174774647	
651	6.364824772	
650	6.297384262	
649	6.313688278	
648	6.491466045	
647	6.452528477	
646	6.532895565	
645	6.664637566	
644	6.739747524	
643	6.820163727	
642	6.722047329	
641	6.818089008	
640	7.042560577	
639	7.018648624	
638	7.073450089	
637	7.101292133	
636	7.117939949	
635	7.255538464	
634	7.311097622	
633	7.349435329	
632	7.617284298	
631	7.513807774	
630	7.405426502	
629	7.715259552	
628	7.800875664	
627	7.738430023	
626	7.930530071	
625	8.04117012	
624	8.121283531	
623	8.209693909	
622	8.303659439	
621	8.391636848	
620	8.490551949	
619	8.603363037	
618	8.669989586	
617	8.787883759	
616	8.962409973	
615	9.08825016	
614	9.157894135	
613	9.272210121	
612	9.448094368	
611	9.485537529	
610	9.553833961	
609	9.768281937	
608	9.959127426	
607	10.11963749	
606	10.04313183	
605	10.28772545	
604	10.25065613	
603	10.45868874	
602	10.74552345	
601	10.76968193	
600	10.85924244	
599	11.18872166	
598	11.19740582	
597	11.48164749	
596	11.47915936	
595	12.18369007	
594	12.07959652	
593	12.1952343	
592	12.50076485	
591	12.46571541	
590	12.8732233	
589	12.92044353	
588	12.9432354	
587	13.06453514	
586	13.31441879	
585	13.47279835	
584	13.35898972	
583	13.57309818	
582	13.86340714	
581	13.5361433	
580	13.86380672	
579	13.99595737	
578	13.94523811	
577	14.20462608	
576	14.1672802	
575	14.21932983	
574	14.00446129	
573	14.06315613	
572	14.10884857	
571	14.04690933	
570	14.45324707	
569	14.37033272	
568	14.22876263	
567	13.81448364	
566	13.8240099	
565	13.66806316	
564	13.34827232	
563	13.37735176	
562	13.78163528	
561	13.53468609	
560	13.11605167	
559	12.87003613	
558	12.7343502	
557	12.63025284	
556	12.7617178	
555	12.36161423	
554	12.50625515	
553	12.27425575	
552	12.64545155	
551	11.81083202	
550	11.63640022	
549	11.68238735	
548	11.5595274	
547	11.26090336	
546	11.61828899	
545	11.24326992	
544	11.30101204	
543	11.19406509	
542	10.33075809	
541	10.71854782	
540	10.12399006	
539	10.51252556	
538	10.29848957	
537	9.725481033	
536	9.818285942	
535	9.722285271	
534	9.963500023	
533	9.611569405	
532	9.57796669	
531	9.194117546	
530	9.487707138	
529	9.327758789	
528	9.259947777	
527	9.161201477	
526	9.373765945	
525	9.159193039	
524	9.176057816	
523	8.919355392	
522	8.894014359	
521	9.177596092	
520	8.81272316	
519	9.039948463	
518	8.592997551	
517	8.344567299	
516	8.198072433	
515	8.550469398	
514	8.473312378	
513	8.332156181	
512	8.124178886	
511	8.417470932	
510	8.274848938	
509	8.042838097	
508	8.274717331	
507	7.899677753	
506	7.757462025	
505	8.090484619	
504	8.142803192	
503	8.074319839	
502	7.971535683	
501	7.832356453	
500	8.201436996	
499	7.6020298	
498	7.681423187	
497	7.760854244	
496	7.887407303	
495	7.672707081	
494	7.417201996	
493	7.886878967	
492	7.6279459	
491	7.325216293	
490	7.505907059	
489	7.37813282	
488	7.644942284	
487	7.489881516	
486	7.49695015	
485	7.375351429	
484	7.237056732	
483	7.649177551	
482	7.69295311	
481	7.646388531	
480	7.798938274	
479	7.61019516	
478	7.283462048	
477	7.249932766	
476	7.648052216	
475	7.60037899	
474	7.261607647	
473	7.547867298	
472	7.279286385	
471	7.329260349	
470	7.277932167	
469	7.836400032	
468	7.43016243	
467	6.967762947	
466	7.203046322	
465	7.346351624	
464	7.378718376	
463	7.377354622	
462	7.539495945	
461	7.119947433	
460	7.369183064	
459	7.766874313	
458	7.421172619	
457	7.342784882	
456	7.225721359	
455	7.355638504	
454	7.238528728	
453	6.94618082	
452	6.973285198	
451	7.659183979	
450	7.879600048	
449	6.954624653	
448	7.357820988	
447	7.531716824	
446	7.298061371	
445	7.664349079	
444	7.047151566	
443	7.245449543	
442	7.090432167	
441	7.476458073	
440	7.548473835	
439	7.490753174	
438	7.944286823	
437	7.454901695	
436	7.865080357	
435	7.339592934	
434	8.056536674	
433	7.600826263	
432	7.868169785	
431	8.083218575	
430	7.86211729	
429	8.066503525	
428	8.212679863	
427	7.803359509	
426	7.894864559	
425	7.80402565	
424	8.270326614	
423	7.485145569	
422	7.732710838	
421	8.265750885	
420	7.697244644	
419	7.823936462	
418	8.225948334	
417	7.860256672	
416	7.970264435	
415	7.331142426	
414	7.390728474	
413	7.903002262	
412	8.022233963	
411	8.316545486	
410	8.938607216	
409	9.012218475	
408	7.608278275	
407	8.348544121	
406	8.492055893	
405	9.037822723	
404	9.38035202	
403	8.434080124	
402	7.535699844	
401	7.813483238	
400	9.526418686	
399	8.529103279	
398	8.15824604	
397	8.340109825	
396	9.992185593	
395	8.632059097	
394	9.004450798	
393	8.546886444	
392	10.26942635	
391	9.725456238	
390	8.176897049	
389	8.549393654	
388	9.407917976	
387	11.24560642	
386	8.166694641	
385	9.170086861	
384	9.011569977	
383	9.566056252	
382	9.558855057	
381	9.494819641	
380	9.878520966	
379	7.535723686	
378	10.12153435	
377	10.14184761	
376	9.616410255	
375	8.388831139	
374	9.766774178	
373	10.2317934	
372	9.728114128	
371	9.977982521	
370	10.65929413	
369	10.08295918	
368	11.3734169	
367	9.952980042	
366	12.06580544	
365	10.28433609	
364	11.8011837	
363	10.48243904	
362	11.20576477	
361	11.63660908	
360	10.80196381	
359	12.31621933	
358	12.24738312	
357	13.79362774	
356	13.47628403	
355	13.81295013	

